Bioma,Estado
Caatinga,Alagoas
Caatinga,Bahia
Caatinga,Ceará
Caatinga,Maranhão
Caatinga,Minas Gerais
Caatinga,Paraíba
Caatinga,Pernambuco
Caatinga,Piauí
Caatinga,Rio Grande do Norte
Caatinga,Sergipe
Cerrado,Bahia
Cerrado,Distrito Federal
Cerrado,Goiás
Cerrado,Maranhão
Cerrado,Mato Grosso
Cerrado,Mato Grosso do Sul
Cerrado,Minas Gerais
Cerrado,Pará
Cerrado,Paraná
Cerrado,Piauí
Cerrado,Rondônia
Cerrado,São Paulo
Cerrado,Tocantins
Mata Atlântica,Alagoas
Mata Atlântica,Bahia
Mata Atlântica,Espírito Santo
Mata Atlântica,Goiás
Mata Atlântica,Mato Grosso do Sul
Mata Atlântica,Minas Gerais
Mata Atlântica,Paraíba
Mata Atlântica,Paraná
Mata Atlântica,Pernambuco
Mata Atlântica,Rio de Janeiro
Mata Atlântica,Rio Grande do Norte
Mata Atlântica,Rio Grande do Sul
Mata Atlântica,Santa Catarina
Mata Atlântica,Sergipe
Mata Atlântica,São Paulo
Pampa,Rio Grande do Sul
Pantanal,Mato Grosso
Pantanal,Mato Grosso do Sul
Amazônia Legal,Acre
Amazônia Legal,Amapá
Amazônia Legal,Amazonas
Amazônia Legal,Maranhão
Amazônia Legal,Mato Grosso
Amazônia Legal,Pará
Amazônia Legal,Rondônia
Amazônia Legal,Roraima
Amazônia Legal,Tocantins
